Question,Confidence Score,Decision
How often should the DSG system oil be changed?,90,Use RAG
What is included in the free 30-point inspection at an Official Service?,85,Use RAG
What operations are covered by Volkswagen Plus Maintenance?,92,Use RAG
What are the benefits of getting insurance with Volkswagen Insurance by Zurich?,80,Use RAG
How does an internal combustion engine work?,15,Skip RAG
What is the ideal tire pressure for a compact car?,30,Skip RAG
What to do if an electric car won't start?,25,Skip RAG
What services are included in a technical inspection at Volkswagen?,72,Use RAG
What type of oil does Volkswagen recommend for their engines?,68,Skip RAG
Where can I find the digital maintenance history of my Volkswagen?,75,Use RAG
